{
  "recall": 0.7606837606837606,
  "precision": 0.8018018018018018,
  "f1": 0.7807017543859649,
  "accuracy": 0.8888888888888888,
  "roc_auc": 0.9387079387079387,
  "threshold": 0.5
}