{
  "recall": 0.9447852760736196,
  "precision": 0.9808917197452229,
  "f1": 0.9625,
  "accuracy": 0.9733333333333334,
  "roc_auc": 0.9983326564203415,
  "threshold": 0.5
}