{
  "recall": 0.7835820895522388,
  "precision": 0.8203125,
  "f1": 0.8015267175572519,
  "accuracy": 0.8844444444444445,
  "roc_auc": 0.9395664084640091,
  "threshold": 0.5
}