{
  "feature_names": [
    "avg_income",
    "avg_expenses",
    "final_savings",
    "debt_payment",
    "credit_score",
    "debt_ratio",
    "liquidity_ratio",
    "net_cash_flow",
    "consec_negative_months"
  ],
  "mean": [
    5093.74567170395,
    3759.8820870502514,
    27698.55618155984,
    752.0216467819686,
    682.3441218467397,
    3.2456274170823916,
    6.547325294900844,
    581.8419425023958,
    1.6287482151356496
  ],
  "scale": [
    2165.582672875994,
    710.0969183779439,
    32446.255066642007,
    140.46305403735485,
    64.63396810785606,
    21.58155190329383,
    7.084829566644543,
    1521.609785244619,
    1.8684004729636137
  ]
}