{
  "feature_names": [
    "avg_income",
    "avg_expenses",
    "final_savings",
    "expense_ratio",
    "credit_score",
    "savings_months",
    "expense_volatility",
    "net_cash_flow",
    "savings_trend"
  ],
  "mean": [
    5613.909415868281,
    4425.411637478247,
    31192.098123528627,
    0.835167606718934,
    677.6549262256068,
    6.709041510701316,
    0.14965654851630267,
    1188.4977784247794,
    1213.8889759310593
  ],
  "scale": [
    2684.119778451619,
    2067.0371953685863,
    29192.00674450405,
    0.1977264475390194,
    65.41910003189534,
    6.081164591532621,
    0.03291488683571071,
    1469.6530343633779,
    1454.735914327817
  ]
}