{
  "feature_names": [
    "avg_income",
    "avg_expenses",
    "final_savings",
    "debt_payment",
    "credit_score",
    "debt_ratio",
    "expense_volatility",
    "net_cash_flow",
    "savings_trend"
  ],
  "mean": [
    5169.337894169164,
    3933.021907989778,
    27714.53509994554,
    787.3870827966733,
    682.0894811994289,
    6.171686140927656,
    0.14918715891023582,
    448.92890694242027,
    1252.4556041311957
  ],
  "scale": [
    1915.075673676471,
    991.9977614438734,
    25811.822095258325,
    194.54340238500595,
    60.32502469334354,
    172.86660021433906,
    0.03278657567282754,
    1386.9729067539945,
    1418.9640696994684
  ]
}