{
  "train_losses": [
    0.4998961298754721,
    0.23764388398690658,
    0.16431606064240137,
    0.15418457759149146,
    0.1394912830807946,
    0.13495826269641067,
    0.1265193544553988,
    0.11822949056372498,
    0.1163344421621525,
    0.11371089992198077,
    0.10841411182826216,
    0.09829771721904929,
    0.09797441457031351,
    0.09904566254805434,
    0.09455005316571756,
    0.08958095746735732,
    0.09227299091942383,
    0.08857020160013979,
    0.08148692695028854,
    0.08737085522575812,
    0.08139842906684587,
    0.07910975339737805,
    0.07182142561809583,
    0.07012885402549397,
    0.0707468313701225,
    0.06425103612921455,
    0.06816282814763712,
    0.06105091473595663,
    0.06064917381401315,
    0.06285978927079475,
    0.05791849214019197,
    0.056263584700046165,
    0.05817688995915832,
    0.0564539333748998,
    0.0569484513958521,
    0.060538496314124626,
    0.06191916295299024,
    0.057117781630068115,
    0.051895648071711716,
    0.052497055268648896,
    0.052404834564323675,
    0.0487715264387203,
    0.05444884307287408,
    0.050366203780427124,
    0.050893246619538826,
    0.04518130133775147,
    0.04330922158039881,
    0.05185260550316536,
    0.0486669180011659,
    0.04535910048324502,
    0.05904798886992715,
    0.04946449679802313,
    0.049570521537327404,
    0.045820846504560024,
    0.05023835998762286,
    0.04828420140300736,
    0.051951828821929114,
    0.048392988684954064,
    0.041549367110498926,
    0.04676531970670277,
    0.04399431417837287,
    0.05506377106984005
  ],
  "val_losses": [
    0.2987331338226795,
    0.1599466244224459,
    0.12686584147741087,
    0.11898356472374871,
    0.10584947698225733,
    0.10614677858393406,
    0.09940024403476855,
    0.09152631166216452,
    0.08509721908558276,
    0.08188896276169544,
    0.07865468707586842,
    0.07601690202136524,
    0.07089684051163658,
    0.07136220725294606,
    0.06467315709340937,
    0.06287855556129784,
    0.06236475770316474,
    0.05892030994111508,
    0.056170327168459266,
    0.053793562163399145,
    0.05580460480713256,
    0.05468105778649246,
    0.05659545905845853,
    0.05031418212542782,
    0.04621845863300589,
    0.043971972852279606,
    0.045108348157140155,
    0.04262213517015745,
    0.04493919084903497,
    0.045189572791129395,
    0.040912554524454386,
    0.04005054685933761,
    0.04196943190871255,
    0.04079087690070759,
    0.0383405643939278,
    0.03797083537406905,
    0.03711950198966284,
    0.03642860568596087,
    0.0356734823509445,
    0.036530590154865046,
    0.03620339208489532,
    0.037073265296471536,
    0.0346071827236267,
    0.035805610242193926,
    0.03426616638941042,
    0.0350635319484595,
    0.035593243315988767,
    0.04000289179397437,
    0.03325220628181741,
    0.056414528051432156,
    0.03837184212173673,
    0.032940964214528155,
    0.03414350654932045,
    0.03294664050919065,
    0.033136754878803076,
    0.03977092332206954,
    0.0344860026380073,
    0.03322268649935941,
    0.034445343422704645,
    0.03389964834787058,
    0.03517606214154611,
    0.035002354066819945
  ]
}