{
  "train_losses": [
    0.5221590246215011,
    0.32058772354414966,
    0.27230012732924835,
    0.27203382641980145,
    0.2591755051504482,
    0.26008288517142786,
    0.2642285300023628,
    0.25610288842157886,
    0.25519166435256146,
    0.25250668327013653,
    0.2484993672732151,
    0.2577437356565938,
    0.2521925496332573,
    0.25391713868487964,
    0.2507318091211897,
    0.2551945863348065,
    0.24590423928968835,
    0.25410193769317685,
    0.24803522500124844,
    0.24786748782251822,
    0.24478575496962576,
    0.2498413875247493,
    0.2491688561258894,
    0.2462295000300263,
    0.25053647205685126,
    0.2510365794102351,
    0.2515026227091298,
    0.24344778422153357,
    0.24241281684600946,
    0.2431604636437965,
    0.24683314065138498,
    0.24451930098461383,
    0.2513914541764693,
    0.24367813675692587,
    0.24618855412259247,
    0.2447602753386353,
    0.24375921803893466,
    0.23725107154159836,
    0.23951125528776285,
    0.2432359764070222,
    0.23879601512894486,
    0.23925746390313812,
    0.2444485290483995,
    0.2420006561459917,
    0.24147136261065802
  ],
  "val_losses": [
    0.34701372403651476,
    0.27173662604764104,
    0.2593433391302824,
    0.2552520092576742,
    0.2534455959685147,
    0.25069100270047784,
    0.2524401377886534,
    0.24896024214103818,
    0.24782997323200107,
    0.24973177397623658,
    0.24948293156921864,
    0.25051716063171625,
    0.24834342580288649,
    0.25056695798411965,
    0.24623091937974095,
    0.24793403642252088,
    0.24678080063313246,
    0.24527027178555727,
    0.24541085120290518,
    0.24557982105761766,
    0.24597577191889286,
    0.24620276456698775,
    0.24635333754122257,
    0.24628648720681667,
    0.25043208291754127,
    0.24516000133007765,
    0.24881939869374037,
    0.24449860537424684,
    0.24565877160057425,
    0.2437925017438829,
    0.2436215728521347,
    0.24364112503826618,
    0.24438082659617066,
    0.24324133899062872,
    0.2427018415182829,
    0.24333577789366245,
    0.24422949412837625,
    0.24532582191750407,
    0.24575906107202172,
    0.24428911041468382,
    0.2444511754438281,
    0.2442218465730548,
    0.24341689329594374,
    0.2427147519774735,
    0.244825538713485
  ]
}