{
  "train_losses": [
    0.5498096084955967,
    0.3711494640870528,
    0.3158182000572031,
    0.3005687237688989,
    0.2862683936501994,
    0.28478050322243664,
    0.27314955673434516,
    0.26859964565797284,
    0.2643862764040629,
    0.2672402619412451,
    0.26142669265920465,
    0.25866866292375507,
    0.25526169845552155,
    0.25708321956070984,
    0.2515750933777202,
    0.26096362191619293,
    0.2621291315916813,
    0.25551139360124414,
    0.2531948256673235
  ],
  "val_losses": [
    0.39399299770593643,
    0.2964696604758501,
    0.2881324402987957,
    0.3042815662920475,
    0.2824894580990076,
    0.2780838292092085,
    0.280248673632741,
    0.2834549620747566,
    0.26846337132155895,
    0.28689321130514145,
    0.30884260684251785,
    0.29324179515242577,
    0.2946018800139427,
    0.2820035833865404,
    0.29244001396000385,
    0.3010670877993107,
    0.2994382791221142,
    0.2946779951453209,
    0.30080244690179825
  ]
}